Title,Hinban,Hinmei,KoushinNo,Customer,Maker,Status
"1","44","スリーブ","5 17～20","名光","テックアダチ",""
"2","TG-719-02","PALTE","3","住友理工","テックアダチ",""
"3","TZ-721-01","BRACKET  ENG MTG №2 RH","2","住友理工","テックアダチ",""
"4","","スリーブ","Q型（16）","名光","テックアダチ",""
"5","460","スリーブ","5 17～20","光","テックアダチ",""
"6","460","スリーブ","6 21～25","光","テックアダチ",""
"7","123","スリーブ","N型（13）","名光","テックアダチ",""
"8","123","スリーブ","O型（14）","名光","テックアダチ",""
"9","123","スリーブ","P型（15）","名光","テックアダチ",""
"10","TZ-589-01","BRACKET E/M №2 RH","2","住友理工","テックアダチ",""
"11","229718-0290","スリーブ","12 45～48","光","テックアダチ",""
"12","229718-0290","スリーブ","13 49～52","光","テックアダチ",""
"13","1F1319-12","BRACKET (LEGACY)","2","BS_BEST","西岡精工",""
"14","BY-494-02","ADAPTER ENG MTG","5","住友理工","テックアダチ",""
"15","TZ-725-01","BRACKET ENG  MTG №2 RH","2","住友理工","テックアダチ",""
"16","42S22000000","RTMT800 ディスクアダプターS","5","シマノ","テックアダチ","初品提出中"
"17","RJ0624-17","BRACKET","3","BS_BEST","テックアダチ",""
"18","ST-6800","巻取体　R","4","シマノ","テックアダチ",""
"19","STR9100","台座L/R","2","シマノ","テックアダチ",""
"20","67F11327","67Fカバーアノード","3","ヤマハ","フジイ金型",""
"21","69J-11327","69Jカバーアノード","3","ヤマハ","フジイ金型",""
"22","6C5","プレート","4","ヤマハ","フジイ金型",""
"23","CSM8100","スパイダーB","1","シマノ","協正金型",""
"24","STR7020","アダプターL（台座）","2","シマノ","八州製作",""
"25","130","スリーブ","2","光","西岡精工",""
"26","TG-719-01","BRACKET","13","住友理工","テックアダチ",""
"27","TG-719-01","BRACKET","14","住友理工","協正金型",""
"28","68T-45331-01","HSG,BEARING1","2","ヤマハ","フジイ金型",""
"29","STR8000","ﾚﾊﾞｰｲﾝﾅｰ　L","2","シマノ","テックアダチ",""
"30","STR8000","ﾚﾊﾞｰｲﾝﾅｰ　R","2","シマノ","テックアダチ",""
"31","STR8000","巻取体　L","2","シマノ","テックアダチ",""
"32","FCM8000","4アームアダプター　BD","4","シマノ","テックアダチ",""
"33","FCM8000","4アームアダプター　D","4","シマノ","テックアダチ",""
"34","ST9100","巻取体　L","2","シマノ","テックアダチ",""
"35","SL-BSレバー","ﾚﾊﾞｰ　R/L","2","シマノ","八州製作",""
"36","A401","ハウジング","4","名光","テックアダチ",""
"37","STR8025","アダプターR（台座）","3","シマノ","八州製作",""
"38","STR8025","アダプターL（台座）","3","シマノ","八州製作",""
"39","1340","スリーブ","12 45～48","光","西岡精工",""
"40","1340","スリーブ","13 49～52","光","西岡精工",""
"41","1T4897-11","BRACKET NO2(350t)","2","BS_BEST","フジイ金型",""
"42","1T4897-11","BRACKET NO2(650t)","5","BS_BEST","フジイ金型",""
"43","K1054K0B","ROD","2","TOYO TIRE","テックアダチ",""
"44","K1055K0B","ROD","2","TOYO TIRE","テックアダチ",""
"45","35732-B2100","CARRIER,PLANETARY（３PIN)","2","福寿","西岡精工",""
"46","35732-B2110","CARRIER,PLANETARY（4PIN)","2","福寿","西岡精工",""
"47","35732-B2120","CARRIER,PLANETARY（5PIN)","2","福寿","西岡精工",""
"48","123","スリーブ","R型（17）","名光","テックアダチ",""
"49","TG-719-01","BRACKET","15","住友理工","テックアダチ",""
"50","TG-719-01","BRACKET","16","住友理工","テックアダチ",""
"51","0750s","スリーブ","12 45～48","光","西岡精工",""
"52","0750s","スリーブ","13 49～52","光","西岡精工",""
"53","63p-44117-01-00-08","63Pブラケット","2","ヤマハ","西岡精工",""
"54","683-45361-02-00-08","CAP,LOWER CASING","8","ヤマハ","西岡精工",""
"55","K1017B0B","BRACKET","5","TOYO TIRE","フジイ金型",""
"56","K1065B0A","BRACKET","2","TOYO TIRE","テックアダチ",""
"57","K2030B0C","BRACKET","3","TOYO TIRE","テックアダチ",""
"58","K2045B1B","BRACKET （コの字）","4","TOYO TIRE","テックアダチ",""
"59","K2045B30","BRACKET","3","TOYO TIRE","テックアダチ",""
"60","K2046B2A","BRACKET","3","TOYO TIRE","西岡精工",""
"61","K4005B00","BRACKET","3","TOYO TIRE","テックアダチ",""
"62","K4007B0A","BRACKET （Lの字）","4","TOYO TIRE","フジイ金型",""
"63","STR7020","アダプターR（台座）","2","シマノ","八州製作",""
"64","0330","BRACKET","2","光","フジイ金型",""
"65","0340","BRACKET","2","光","フジイ金型",""
"66","0530s","スリーブ","3 9～12","光","テックアダチ",""
"67","BLM9120","マスターシリンダーＬ/Ｒ","2","シマノ","テックアダチ",""
"68","BR-M8100","CALIPER　R","3","シマノ","西岡精工",""
"69","BR-M8100","CALIPER　L","3","シマノ","西岡精工",""
"70","CSM8100/7100","SPIDER A","4","シマノ","協正金型",""
"71","CSM8100/7100","SPIDER A","5","シマノ","協正金型",""
"72","CSM8100/7100","SPIDER B","2","シマノ","協正金型",""
"73","1380","スリーブ","2 21～24","光","西岡精工",""
"74","SLMT800","BRACKET","2","シマノ","テックアダチ",""
"75","460","スリーブ","7S25～S28","光","テックアダチ",""
"76","460","スリーブ","8S29～S32","光","テックアダチ",""
"77","JT75_91","SPINDL BRKT","3","バンドー化学","テックアダチ",""
"78","229718-0290","スリーブ","14 53～56","光","テックアダチ",""
"79","229718-0290","スリーブ","15 57～60","光","テックアダチ",""
"80","JF2S0200001","END_PLATE(E-power)","2","VEJ","協正金型",""
"81","JF2S0200001","END_PLATE(E-power)","3","VEJ","協正金型",""
"82","K4012B00","BRACKET, ENG MTG, RR  (TNGA-WCVT)","2","TOYO TIRE","テックアダチ",""
"83","GF600843","GUS DUCT","2","VEJ","テックアダチ",""
"84","K2048B20","(WCVT_No2) BRKT","2","TOYO TIRE","西岡精工",""
"85","12306-B2150-11","エンジンサポートブラケット、LH","2","丸五","テックアダチ",""
"86","K4006B0A","BRACKET, ENG MTG, RR (TNGA-DAT)","3","TOYO TIRE","テックアダチ",""
"87","K2068B1A","BRACKET（丸一）","2 (入子のみ）","TOYO TIRE","テックアダチ",""
"88","TG-719-01","BRACKET","17","住友理工","テックアダチ",""
"89","TG-719-01","BRACKET","18","住友理工","テックアダチ",""
"90","122","スリーブ","5　U","名光","テックアダチ",""
"91","122","スリーブ","4　T","名光","テックアダチ",""
"92","123","スリーブ","S型（18）","名光","テックアダチ",""
"93","123","スリーブ","T型（19）","名光","テックアダチ",""
"94","K2045B30","BRACKET","4","TOYO TIRE","テックアダチ",""
"95","K2045B30","BRACKET","5","TOYO TIRE","テックアダチ",""
"96","K2045B1B","BRACKET （コの字）","5","TOYO TIRE","テックアダチ",""
"97","K4007B0A","BRACKET （Lの字）","5","TOYO TIRE","フジイ金型",""
"98","1J0719-14","No2.BRACKET","3","BS_BEST","フジイ金型",""
"99","K2046B2A","BRACKET","4","TOYO TIRE","西岡精工",""
"100","K2045B1B","BRACKET （コの字）","6","TOYO TIRE","テックアダチ",""
"101","1340","スリーブ","16","光","西岡精工",""
"102","1340","スリーブ","17","光","西岡精工",""
"103","JF2S0200005","END_PLATE","B型(2）","VEJ","協正金型",""
"104","JF2S0200005","END_PLATE","C型(3）","VEJ","協正金型",""
"105","GF700673 674","END PLATE N/P","2","VEJ","テックアダチ",""
"106","RTMT800","ディスクアダプターL","2","シマノ","テックアダチ",""
"107","12-358A-1 （UN30500)","BRACKET(子玉TQR)","2","住友理工","フジイ金型",""
"108","HZ-250-01（237）","ORIFICE BLOCK","3 （#9-12）","住友理工","テックアダチ",""
"109","BY-485-02","ADAPTER ENG MTG","2","住友理工㈱","テックアダチ","初品提出中"
"110","CSM8100/7100","SPIDER A","8","シマノ","協正金型",""
"111","CSM8100/7100","SPIDER A","9","シマノ","協正金型",""
"112","CSM8100/7100","SPIDER A","10","シマノ","協正金型",""
"113","ND-016-1","BRACKET","2","住友理工","テックアダチ",""
"114","K1017B0B","BRACKET","6","TOYO TIRE","フジイ金型",""
"115","GF600826-3","END　PLATE","2","VEJ","テックアダチ",""
"116","NR-165","BRKT-ENG MTG,LH","4","住友理工","西岡精工",""
"117","TZ-251","INSULATOR ENGINE MOUNTING RH","6","住友理工","テックアダチ",""
"118","DY-198","","5","住友理工","テックアダチ",""
"119","HZ-303(264)","BRACKETSIDEMTG","3","住友理工","テックアダチ",""
"120","HZ-312","BRACKET","2","住友理工","小林製作所",""
"121","TG719-2","PLATE","4","住友理工","テック",""
"122","UN-027-01","リバウンドストッパー（35-165）","3","住友理工","テックアダチ","ASSＹまち"
"123","750","スリーブ","14","光","西岡精工",""
"124","750","スリーブ","15","光","西岡精工",""
"125","35732-B2100","CARRIER,PLANETARY（３PIN)","3","福寿","西岡精工",""
"126","35732-B2120","CARRIER,PLANETARY（5PIN)","3","福寿","西岡精工",""
"127","STR7020","アダプターR（台座）","3","シマノ","八州製作",""
"128","STR7020","アダプターL（台座）","3","シマノ","八州製作",""
"129","TG-719-01","BRACKET","23","住友理工","テックアダチ",""
"130","CSM8000","SPIDER LOW A","3","シマノ","テックアダチ",""
"131","BR-M8100","CALIPER　R","4","シマノ","西岡精工",""
"132","BR-M8100","CALIPER　L","4","シマノ","西岡精工",""
"133","HZ-277-02","(HZ-223)","2","住友理工","テックアダチ","その他"
"134","[object Object]","BRACKET","2","住友理工","テックアダチ",""
"135","DY-208-2","BRACKET","2","住友理工","テックアダチ",""
"136","TZ-876(833)","BRKT No.2","2","住友理工","テックアダチ",""
"137","35732-B2110","CARIPER,PLANETARY(4PIN)","3","福寿","西岡精工",""
"138","1380","スリーブ","3","光","西岡精工",""
"139","229718-0290","スリーブ","17","光","テックアダチ",""
"140","460","スリーブ","9","光","テックアダチ",""
"141","460","スリーブ","10","光","テックアダチ",""
"142","RTMT900","ディスクアダプターL","2","シマノ","テックアダチ",""
"143","K1054K0B","ROD","3","TOYO TIRE","テックアダチ",""
"144","K2045B1B","BRACKET （コの字）","7・8","TOYO TIRE","テックアダチ",""
"145","MJ117-36042","","3","TOYO TIRE","テックアダチ",""
"146","MJ117-36059","","4","TOYO TIRE","西岡製作所",""
"147","42S22000000","RTMTディスクアダプターS","2","シマノ","テックアダチ",""
"148","K4007B0A","BRACKET （Lの字）","7","TOYO TIRE","フジイ金型",""
"149","K4007B0A","BRACKET （Lの字）","8","TOYO TIRE","フジイ金型",""
"150","CSM8100/7100","SPIDER A","11","シマノ","協正金型",""
"151","CSM8100/7100","SPIDER A","3","シマノ","協正金型",""
"152","CSM8100/7100","SPIDER A","12","シマノ","協正金型",""
"153","CSM8100/7100","SPIDER A","13","シマノ","協正金型",""
"154","340","BRACKET","4","光","フジイ金型",""
"155","6L2-5361-03-00-80","CAP LOWER CASING","2","ヤマハ","八洲製作",""
"156","JF2S0200005","END_PLATE","D型(4）","VEJ","協正金型",""
"157","JF2S0200005","END_PLATE","E型(5）","VEJ","協正金型",""
"158","11518-3602","HOUSING, BALANCESHAFT, NO2","4","オティックス","フジイ金型",""
"159","K1084K00","ROD","2","TOYO TIRE","八洲製作",""
"160","K2046B2A","BRACKET","5","TOYO TIRE","西岡精工",""
"161","K2068B1B","BRACKET（丸一）","3","TOYO TIRE","テックアダチ",""
"162","BR-M8100","CALIPER　R","5","シマノ","西岡精工",""
"163","BR-M8100","CALIPER　L","5","シマノ","西岡精工",""
"164","CSM5100","SPIDER","4","シマノ","小林製作所",""
"165","CSM5100","SPIDER","5","シマノ","小林製作所",""
"166","CSM8100/7100","SPIDER A","14・15","シマノ","協正金型",""
"167","CSM8100/7100","SPIDER A","16・17","シマノ","協正金型",""
"168","JT75","アーム","3","バンドー","テックアダチ",""
"169","K2068","BRACKET　コの字","3・4","TOYO TIRE","テックアダチ",""
"170","330","BRACKET","4","光","フジイ金型",""
"171","530","スリーブ","4","光","テックアダチ",""
"172","6AU-11651-00-00-80","ROD,CONNECTING","2","ヤマハ","テックアダチ","ASSＹまち"
"173","1T4897-11","BRACKET　No,2","6","BS_BEST","フジイ金型",""
"174","D10H28681（RH)/682（LH）","BRKT-DIFF","2","モルテン","西岡精工",""
"175","D24P-44023-K00","プレート","2","モルテン","西岡精工",""
"176","DFR92881（RH）/682（LH）","BRKT-DIFF","2","モルテン","小林製作所",""
"177","JN39","BRACKET","2","バンドー","テックアダチ",""
"178","JN39","ARM","2","バンドー","テックアダチ",""
"179","ＲF3265-14","HOLDER-LH","2","BS_BEST","フジイ金型",""
"180","122","スリーブ","V型","名光","テックアダチ",""
"181","122","スリーブ","W型","名光","テックアダチ",""
"182","123","スリーブ","U型","名光","テックアダチ",""
"183","123","スリーブ","V型","名光","テックアダチ",""
"184","15821-04985","ベアリングケース（ホイル1.メイン）","4 (#7.8)","井原精機","テックアダチ",""
"185","15821-04995","ベアリングケース（ホイル2.メイン）","4 (#7.8)","井原精機","テックアダチ",""
"186","CSM5100","SPIDER","6","シマノ","小林製作所",""
"187","CSM5100","SPIDER","7","シマノ","小林製作所",""
"188","CSM8100/7100","SPIDER A","20 (#20.21)","シマノ","協正金型製作所",""
"189","CSM8100/7100","SPIDER B","3","シマノ","協正金型製作所",""
"190","CSM8100/7100","SPIDER A","18 (#18.19)","シマノ","協正金型製作所",""
"191","63P-15319-00-00-80","63P ジョイント","3","ヤマハ","フジイ金型",""
"192","ST-6800","巻き取り体R","5","シマノ","テックアダチ","寸検待ち"
"193","679-45331-00-00-80","679ハウジングベアリング","3","ヤマハ","八洲",""
"194","6G1-45361-01-00-80","6G1キャップロワー","4","ヤマハ","八洲",""
"195","NAK576A392","ハウジング","16","名光","西岡精工",""
"196","K1017B0B","BRACKET","8","TOYO TIRE","フジイ金型","引き渡し済"
"197","K1014","ブラケット","4","TOYO TIRE","テックアダチ",""
"198","K1055","ブラケット","3","TOYO TIRE","テックアダチ",""
"199","K2070","ブラケット","2","TOYO TIRE","小林製作所",""
"200","K4007","ブラケット","9","TOYO TIRE","フジイ金型",""
"201","K4007","ブラケット","10","TOYO TIRE","フジイ金型",""
"202","K4012B00","ブラケット","4","TOYO TIRE","テックアダチ",""
"203","K4013","ブラケット","2","TOYO TIRE","フジイ金型",""
"204","TG-719","ストラット","24","住友理工","テックアダチ",""
"205","TG-719","ストラット","25","住友理工","テックアダチ",""
"206","TG-719","ストラット","26","住友理工","テックアダチ",""
"207","RJ0624","ブラケット","5","BS_BEST","テックアダチ",""
"208","DA-709","ブラケット","3","住友理工","テックアダチ",""
"209","TK-001","ブラケット","2","住友理工","テックアダチ",""
"210","TQ-283","ブラケット","2","住友理工","西岡精工",""
"211","TQ-285","ブラケット","2","住友理工","テックアダチ",""
"212","K2085B10","コの字","8","TOYO TIRE","テックアダチ",""
"213","K2085B30","丸一","8","TOYO TIRE","テックアダチ",""
"214","K4006B0A","BRACKET","4","TOYO TIRE","テックアダチ",""
"215","CSM5100","SPIDER","8","シマノ","協正金型",""
"216","CSM5100","SPIDER","9","シマノ","協正金型",""
"217","CSM8100/7100","SPIDER A","22・23","シマノ","協正金型",""
"218","CSM8100/7100","SPIDER A","24・25","シマノ","協正金型",""
"219","CSM8100/7100","SPIDER A","26・27","シマノ","協正金型",""
"220","STR7020","アダプターR","4","シマノ","八洲製作",""
"221","STR7020","アダプターL","4","シマノ","八洲製作",""
"222","RTMT900","ディスクアダプターM","2","シマノ","八洲製作","初品提出中"
"223","B1RK0100000","CS-M8000　SPIDER TOP A","2","シマノ","テックアダチ",""
"224","C0L50040000","CSM6100/8100/7100　スパイダーA","28.29 （シマノ28）","シマノ","協正金型","初品提出中"
"225","330","BRACKET","5","光","フジイ金型",""
"226","ST9100","巻き取り体L","3","シマノ","テックアダチ","金型工事中"
"227","ND-005","OUTER","2","住友理工㈱","テックアダチ","初品提出中"
"228","TZ-725-01","No2Bracket","3","住友理工㈱","テックアダチ","加工試作待ち"
"229","DY-154（231）","BRACKET","4","住友理工","西岡製作所",""
"230","K1108","ROD","2","TOYOTIRE","八洲製作",""
"231","K2048","BRACKET","3","TOYOTIRE","西岡精工",""
"232","SY-173","ENGINEBRACKET","3","住友理工","フジイ金型",""
"233","TK-052（329）","No2Bracket","3","住友理工","西岡精工",""
"234","61N-41123-01-00-80 （6K8－41123－W0）","OUTERCOVEREXHAUST","3","ヤマハ発動機㈱","テックアダチ",""
"235","6K8-41121-00-00-80","INNERCOVEREXHAUST","3","ヤマハ発動機㈱","テックアダチ","その他"
"236","340","SBW","5","光","フジイ金型",""
"237","1340","スリーブバルブ","18","光","西岡精工",""
"238","1340","スリーブバルブ","19","光","西岡精工",""
"239","42S22000000","RTMTディスクアダプターS","3","シマノ","テックアダチ",""
"240","RTMT900","ディスクアダプターSS","2","シマノ","テックアダチ",""
"241","1380","sleeve","4","光","西岡精工",""
"242","1380","sleeve","5","光","西岡精工",""
"243","CSM8000","SPIDER LOW B","6","シマノ","テックアダチ",""
"244","K2085（丸）","BRKT","9","TOYO TIRE","テックアダチ",""
"245","K2085（丸）","BRKT","10","TOYO TIRE","テックアダチ",""
"246","229718-0290","スリーブバルブ","18","光","テックアダチ",""
"247","229718-0290","スリーブバルブ","19","光","テックアダチ",""
"248","TK-022","オリフィス","2","住友理工","西岡",""
"249","CSM8100/7100","SPIDER A","30.31","シマノ","協正金型","初品提出中"
"250","CSM8100/7100","SPIDER A","32.33","シマノ","協正金型","初品提出中"
"251","ST-R8025","ADAPTER L","4","シマノ","八州製作所","その他"
"252","ST-R8025","ADAPTER R","4","シマノ","八州製作所","その他"
"253","C0L50040000","CSM6100/8100/7100　スパイダーA","34.35","シマノ","協正金型","引き渡し準備済"
"254","CAREERPLANETARY","5PINI","4","福寿","西岡精工",""
"255","K2045B1B（この字）","BRKT","9","TOYOTIRE","テックアダチ",""
"256","K2068B1C","BRKT（丸一）","4","TOYOTIRE","テックアダチ",""
"257","K2068B20（この字）","BRKT（650ｔ）","4","TOYOTIRE","テックアダチ",""
"258","GF600827","CENTER PLATE","2","VEJ","テックアダチ",""
"259","123","スリーブソレノイド","W","名光","テックアダチ",""
"260","123","スリーブソレノイド","X","名光","テックアダチ",""
"261","ＲF3264-14","HOLDER-RH","3","プロスパイラM","テックアダチ",""
"262","ＲF3264-14","HOLDER-RH","4","プロスパイラM","テックアダチ",""
"263","ＲF3265-14","HOLDER-LH","3","プロスパイラM","テックアダチ",""
"264","ＲF3265-14","HOLDER-LH","4","プロスパイラM","テックアダチ",""
"265","UN-328-00","オリフィス(35-084)","5","住友理工","テックアダチ","その他"
"266","K1029B00","BRKT","3","TOYOTIRE","フジイ金型","初品提出中"
"267","K1065B0A","BRKT","3","TOYOTIRE","テックアダチ",""
"268","12306-B2170-11","BRKT　LH","2","丸五ゴム","協正金型",""
"269","A2S24000000","RTMT800　ディスクL","3","シマノ","協正金型","その他"
"270","4FA41　03000","ROD","2","サンノハシ","テックアダチ",""
"271","C0L50040000","CSM6100/8100/7100　スパイダーA","36.37","シマノ","協正金型","その他"
"272","A0LC0040000","CS-M5100　SPIDER","10","シマノ","協正金型","その他"
"273","BR-M8100","CALIPER　R","7","シマノ","西岡精工",""
"274","BR-M8100","CALIPER　L","7","シマノ","西岡精工",""
"275","CS-M8100","SPIDER A","36","シマノ","協正金型",""
"276","66T-15771-00-00-80/","STAY1","2","ヤマハ発動機㈱","テックアダチ","その他"
"277","K2085B10","BRKTこの字","10","TOYOTIRE","テックアダチ","初品提出中"
"278","CS-R8100","SPIDER LOW A","2","シマノ","テックアダチ","その他"
"279","CS-R8100","SPIDER LOW B","2","シマノ","テックアダチ",""
"280","A433","ハウジング","5","名光","テックアダチ",""
"281","TK-025","BRKT","2","住友理工","西岡",""
"282","TG-719-02","PLATE","4","住友理工","テックアダチ",""
"283","TJ-602-02","PLATE","3","住友理工","テックアダチ","ASSＹまち"
"284","122","スリーブソレノイド","X","名光","テックアダチ",""
"285","122","スリーブソレノイド","Y","名光","テックアダチ",""
"286","A2RT0100000","BRM8100　キャリパーL","8","シマノ","西岡精工","その他"
"287","B2RT0200000","BR-M8100　キャリパーR","8","シマノ","西岡精工","引き渡し準備済"
"288","ＲF3264-14","HOLDER-RH","5","プロスパイラM","テックアダチ","その他"
"289","ＲF3264-14","HOLDER-RH","6","プロスパイラM","テックアダチ","その他"
"290","ＲF3265-14","HOLDER-LH","5","プロスパイラM","テックアダチ","その他"
"291","ＲF3265-14","HOLDER-LH","6","プロスパイラM","テックアダチ","その他"
"292","67F-11327-01-00-MA","67Fｶﾊﾞｰｱﾉｰﾄﾞ","4","ヤマハ発動機㈱","フジイ金型","ASSＹまち"
"293","69J","カバーアノード","4","ヤマハ発動機㈱","フジイ金型","ASSＹまち"
"294","61N-45361-01-00-80","61Nｷｬｯﾌﾟﾛｰｱｰｹｰｼﾝｸﾞ","3","ヤマハ発動機㈱","テックアダチ","ASSＹまち"
"295","3pini","CARRIER,PLANETARY","3","福寿","西岡精工","その他"
"296","4pini","CARRIER,PLANETARY","4","福寿","西岡精工",""
"297","GF700673 674","END　PLATE　N/P","3","VEJ","テックアダチ",""
"298","UN-329-00","BRKT（12-382）","2","住友理工㈱","八州製作所","引き渡し済"
"299","DA-654-1","BRKT","3","住友理工","西岡精工",""
"300","TG-719-1","ストラット","29","住友理工","テックアダチ",""
"301","TG-719-1","ストラット","27","住友理工","テックアダチ",""
"302","TG-719-1","ストラット","28","住友理工","テックアダチ",""
"303","TK-093-02","BRKT","2","住友理工","西岡精工",""
"304","JF2S0200005","END　PLATE　MG2","7","VEJ","協正金型製作所",""
"305","JF2S0200005","END　PLATE　MG2","8","VEJ","協正金型製作所",""
"306","JF2S0200005","END　PLATE　MG2","9","VEJ","協正金型製作所",""
"307","RTMT900","DISC ADAPTER　L","3","シマノ","テックアダチ","引き渡し済"
"308","K1054K0B","ROD","4","TOYOTIRE","テックアダチ",""
"309","K2046B2A","BRKT","7","TOYOTIRE","フジイ金型",""
"310","K2085B30","BRKT","12","TOYOTIRE","テックアダチ",""
"311","K2085B30","BRKT","11","TOYOTIRE","テックアダチ",""
"312","K4007","BRKT","11","TOYOTIRE","フジイ金型",""
"313","K4007","BRKT","12","TOYOTIRE","フジイ金型",""
"314","K4012B00","BRKT","5","TOYOTIRE","テックアダチ",""
"315","3P409041","軸受けハウジング","4","天木鉄工","西岡精工",""
"316","GF600826-3","END PLATE","4","VEJ","テックアダチ","初品提出中"
"317","GF600826-3","END PLATE","3","VEJ","テックアダチ",""
"318","079618-0750","スリーブ","18・19","光","西岡精工","その他"
"319","1T4897-11","BRKT（350T*2）","7","プロスパイラM","フジイ金型","初品提出中"
"320","K4006B0A","BRKT","5","TOYOTIRE","テックアダチ",""
"321","HZ-303(264)","BRKT","4","住友理工","テックアダチ","ASSＹまち"
"322","HZ-312-1","BRKT","3","住友理工","愛豊精機","その他"
"323","TQ-289-02","BRKT","2","住友理工","西岡精工","その他"
"324","1A7201-11","BRKT-ENG MTG","5","プロスパイラM","テックアダチ","初品提出中"
"325","TQ-283-02","BRKT","3","住友理工","西岡精工","初品提出中"
"326","K2070","BRKT","3","TOYOTIRE","フジイ金型","その他"
"327","460","スリーブ","13","光","テックアダチ","初品提出中"
"328","460","スリーブ","14","光","テックアダチ","初品提出中"
"329","530","スリーブ","5","光","テックアダチ",""
"330","RT-MT800","DISC S","4","シマノ","テックアダチ",""
"331","3pini設変","キャリア","2","福寿","西岡精工",""
"332","4pin","キャリア","5","福寿","西岡精工",""
"333","1380","スリーブ","6","光","西岡精工",""
"334","1380","スリーブ","7","光","西岡精工",""
"335","1340","スリーブ","21","光","西岡精工","その他"
"336","1340","スリーブ","19","光","西岡精工",""
"337","1340","スリーブ","20","光","西岡精工","その他"
"338","229718-0290","スリーブ","20","光","テックアダチ",""
"339","229718-0290","スリーブ","21","光","テックアダチ","初品提出中"
"340","DFR928681/682","BRKT-DIFF","3","モルテン","テックアダチ",""
"341","RJ0624","BRKT","6","プロスパイラM","テックアダチ",""
"342","CS-M8000","SPIDER LOW B","7","シマノ","テックアダチ","初品提出中"
"343","TQ-471-01","BRKT","2","住友理工","テックアダチ","ASSＹまち"
"344","1T0937-11","BRKT","2","プロスパイラM","テックアダチ","その他"
"345","04387-0330","BRKT","6","㈱光製作所","フジイ金型","引き渡し準備済"
"346","04387-0340","BRKT","6","㈱光製作所","フジイ金型","引き渡し準備済"
"347","15821-04985","ベアリングケース　ホイル1","5","井原精機","テックアダチ","その他"
"348","TQ-427-02","BRKT","2","住友理工","西岡精工","その他"
"349","K2071B2B","BRKT","2","TOYOTIRE","佐藤商事","その他"
"350","35732-B2110","35732-D88C7（4PIN","6","福寿","西岡精工","その他"
"351","3pini設変","キャリア","3","福寿","西岡精工",""
"352","HZ-261-01","BRKT","2","住友理工㈱","テックアダチ","引き渡し済"
"353","BY-494-02","ADAPTER　ENG MTG","6","住友理工","テックアダチ","その他"
"354","HZ-350-2","BRKT","2","住友理工","愛豊精機","初品提出中"
"355","K1084K0B","ROD","3","TOYOTIRE","型技","初品提出中"
"356","1J0719-14","NO.2 BRKT","4","プロスパイラM","フジイ金型","初品提出中"
"357","40RF0100000","CSLG700　スパイダーA","2","シマノ","佐藤商事","寸検待ち"
"358","A2S24000000","RTMT800ディスクL　（6ARM）","4","シマノ","佐藤商事","その他"
"359","K1113B00","BRKT","2","TOYOTIRE","フジイ金型","その他"
"360","K2068B1C","BRKT","5","TOYOTIRE","テックアダチ","その他"
"361","K2068B1C","BRKT（丸一）","6","TOYO TIRE㈱","テックアダチ","その他"
"362","B1RK0100000","CS-M8000　SPIDER TOP A","3（大日程２）","シマノ","テックアダチ","製作段階（作成・承認含む）"
"363","41RK0100000","CSM8000　スパイダートップA","2","シマノ","テックアダチ","合格済/予備ピン手配中"
"364","B2RT0200000","BR-M8100　キャリパーR","9","シマノ","西岡精工","初品提出中"
"365","A2RT0100000","BRM8100キャリパーL","9","シマノ","西岡精工","寸検待ち"
"366","RJ0624-17","BRKT","7","プロスパイラM","テックアダチ","初品提出中"
"367","ＲF3264-14","HOLDER-RH","7","プロスパイラM","テックアダチ","その他"
"368","ＲF3264-14","HOLDER-RH","8","プロスパイラM","テックアダチ","その他"
"369","ＲF3265-14","HOLDER-LH","7","プロスパイラM","テックアダチ","その他"
"370","ＲF3265-14","HOLDER-LH","8","プロスパイラM","テックアダチ","その他"
"371","STR9120","カムガイドR","4","シマノ","西岡精工","その他"
"372","STR9120","カムガイドL","4","シマノ","西岡精工","その他"
"373","CS-M8100/7100","SPIDER B","4","シマノ","佐藤商事","寸検待ち"
"374","12306-B2170-11","エンジンサポートブラケットLH","3","丸五ゴム","佐藤商事","初品提出中"
"375","48831-900B1","アルミリング","2","BASF","佐藤商事","初品提出中"
"376","K1054K0B","ROD","5","TOYOTIRE","テックアダチ","初品提出中"
"377","K1065B0A","BRKT","4","TOYOTIRE","テックアダチ","その他"
"378","K2068B2B","BRKT（650ｔ）","5","TOYOTIRE","テックアダチ","初品提出中"
"379","K4006B0A","BRKT","6","TOYOTIRE","テックアダチ","初品提出中"
"380","K4007B0B","BRKT","13","TOYOTIRE","フジイ金型","初品提出中"
"381","K4007B0B","BRKT","14","TOYOTIRE","フジイ金型","初品提出中"
"382","K4012B00","BRKT","6","TOYOTIRE","テックアダチ","その他"
"383","TG-719-01","BRKT","30","住友理工","テックアダチ","初品提出中"
"384","TG-719-01","BRKT","31","住友理工","テックアダチ","初品提出中"
"385","TG-719-01","BRKT","32","住友理工","テックアダチ","初品提出中"
"386","TK-022-01","ORIFICE","3","住友理工","西岡精工","ASSＹまち"
"387","TK-289B-01","BRACKET","3","住友理工","フジイ金型","ASSＹまち"
"388","TK-290-01","BRKT","2","住友理工","フジイ金型","その他"
"389","TK-291B-01","BRACKET","3","住友理工","フジイ金型","その他"
"390","TK-292-01","BRKT","2","住友理工","フジイ金型","その他"
"391","TK-328-04","BRKT No.2","2","住友理工","西岡精工","その他"
"392","TK-329-04","BRKT No.2","4","住友理工","西岡精工","その他"
"393","99103-00123","スリーブ","Y","名光","テックアダチ","初品提出中"
"394","99103-00123","スリーブ","Z","名光","テックアダチ","初品提出中"
"395","K1065B0A","BRKT","5","TOYOTIRE","テックアダチ","初品提出中"
"396","RTMT900","DISC ADAPTER SS","3","シマノ","テックアダチ","初品提出中"
"397","TQ-285-01","BRKT","3","住友理工㈱","テックアダチ","引き渡し準備済"
"398","TK-001","BRKT","3","住友理工㈱","テックアダチ","引き渡し済"
"399","TK-087-01","BRKT","2","住友理工","八州製作所","その他"
"400","TK-093-02","BRKT","3","住友理工","西岡精工","その他"
"401","TK-053-14 TK-211B-14","BRKT","3","住友理工㈱","西岡精工","引き渡し済"
"402","JLA17-000010","BRKT　SOLENOID","2","株式会社 ジェイテクト","テックアダチ","初品提出中"
"403","K2045B1C（この字）","BRKT","11","TOYOTIRE","テックアダチ","初品提出中"
"404","K2085B30","BRKT","13","TOYOTIRE","テックアダチ","初品提出中"
"405","K2085B30","BRKT","14","TOYOTIRE","テックアダチ","初品提出中"
"406","JF1G3000248-01","END BLOCK","2","VEJ","テックアダチ","初品提出中"
"407","A2030B10","BRACKET","2","TOYOTIRE","西岡精工","合格済/予備ピン手配中"
"408","A2030B10","BRACKET","3","TOYOTIRE","西岡精工","合格済/予備ピン手配中"
"409","TZ-517-2","INNER","2","住友理工㈱","テックアダチ","ASSＹまち"
"410","12305-B1170-15","ADAPTER,ENGINE  MOUNTING,RH","2","丸五ゴム","フジイ金型","初品提出中"
"411","TG-719-02","PLATE","7","住友理工","テックアダチ","その他"
"412","TG-719-02","PLATE","6","住友理工","テックアダチ","その他"
"413","TJ-602-02","PLATE","4","住友理工","テックアダチ","その他"
"414","AXM00-16740 DJ","INNER","4","TOYO TIRE㈱","西岡精工","その他"
"415","K2070","BRKT（1000ｔ*6）","4","TOYO TIRE㈱","フジイ金型","初品提出中"
"416","BFWD28681/2","BRKT-DIFF","2","モルテン","","初品提出中"
"417","K1054K0B","ROD","6","TOYOTIRE","テックアダチ",""
"418","K1084K0B","ROD","4","TOYOTIRE","型技","初品提出中"
"419","K2085B30","BRKT","16","TOYOTIRE","テックアダチ",""
"420","K2085B30","BRKT","15","TOYOTIRE","テックアダチ",""
"421","K4007B0B","BRKT","15","TOYOTIRE","フジイ金型","その他"
"422","K4007B0B","BRKT","16","TOYOTIRE","フジイ金型","その他"
"423","K4008","BRKT","2","TOYO TIRE㈱","フジイ金型","その他"
"424","ST-R7020","ADAPTER L","5","シマノ","八州製作所","初品提出中"
"425","ST-R7020","ADAPTER R","5","シマノ","八州製作所","初品提出中"
"426","TK-022-01","ORIFICE","4","住友理工","西岡精工","初品提出中"
"427","TQ-283-02","BRKT","4","住友理工","西岡精工","ASSＹまち"
"428","TQ-471-01","BRKT","3","住友理工","テックアダチ","その他"
"429","DFR928681/682","BRKT-DIFF","4","モルテン","テックアダチ","その他"
"430","35732-B2100","35732-D88C6（3PIN","5","福寿","西岡精工","初品提出中"
"431","35732-B2100","35732-D88C6（3PIN","4","福寿","西岡精工","初品提出中"
"432","35732-B2130","35732-D88C6（3PIN","6","福寿","西岡精工","その他"
"433","K2070","BRKT","5","TOYOTIRE","フジイ金型","初品提出中"
"434","750","sleeve","20","光","西岡精工",""
"435","750","sleeve","21","光","西岡精工",""
"436","TG-719-01","BRACKET","33","住友理工","テックアダチ","ASSＹまち"
"437","TG-719-01","BRACKET","34","住友理工","テックアダチ","ASSＹまち"
"438","TG-719-01","BRACKET","35","住友理工","テックアダチ","その他"
"439","UN-376D-00","INNER","2","住友理工","テックアダチ","初品提出中"
"440","UN-377C-00","INNER","2","住友理工","テックアダチ","その他"
"441","35732-B2130","35732-D88C6（3PIN","7","福寿","西岡精工","初品提出中"
"442","TK-329-04","No2　BRACKET","5","住友理工㈱","西岡精工","加工試作待ち"
"443","15821-04985","ベアリングケース（ホイル1メイン）","6","井原精機","テックアダチ","初品提出中"
"444","15821-04995","ベアリングケース（ホイル２メイン）","6","井原精機","テックアダチ","その他"
"445","229718-0550","スリーブ","3","光","テックアダチ","その他"
"446","K1113B00","BRACKET","3","TOYOTIRE","フジイ金型","その他"
"447","K2085B30","BRACKET（丸一）","17","TOYOTIRE","テックアダチ","その他"
"448","K2085B30","BRACKET（丸一）","18","TOYO TIRE㈱","テックアダチ","その他"
"449","TQ-283-02","No2　BRACKET","5","住友理工","西岡精工","引き渡し準備済"
"450","TQ-471-01","BRACKET","4","住友理工㈱","テックアダチ","引き渡し準備済"
"451","TQ-471-01","BRACKET","5","住友理工㈱","テックアダチ","引き渡し準備済"
"452","TK-093-02","BRACKET","4","住友理工㈱","西岡精工","引き渡し済"
"453","K1054K0B","ROD","7","TOYO TIRE㈱","テックアダチ","その他"
"454","K1054K0B","ROD","8","TOYO TIRE㈱","テックアダチ","引き渡し準備済"
"455","K2045B1C（この字）","BRKT","12","TOYOTIRE","テックアダチ","引き渡し準備済"
"456","K2045B1C（この字）","BRKT","13","TOYOTIRE","テックアダチ","引き渡し準備済"
"457","12306-B2150-11","エンジンサポートブラケットLH","5","丸五ゴム","テックアダチ",""
"458","12306-B2150-11","エンジンサポートブラケットLH","6","丸五ゴム","テックアダチ",""
"459","ＲF3264-14","HOLDER-RH","9","プロスパイラM","テックアダチ","その他"
"460","ＲF3265-14","HOLDER-LH","9","プロスパイラM","テックアダチ","その他"
"461","TG-719-02","PLATE","9","住友理工㈱","テックアダチ","引き渡し準備済"
"462","TG-719-02","PLATE","8","住友理工㈱","テックアダチ","初品提出中"
"463","683-45361-02-00-80","CAP,LOWER CASING","9","ヤマハ発動機㈱","西岡精工","その他"
"464","UN-376D-00","INNER","3","住友理工","テックアダチ","初品提出中"
"465","UN-377C-00","INNER","3","住友理工","テックアダチ","初品提出中"
"466","12306-B2150-11","エンジンサポートブラケットLH","7","丸五ゴム","テックアダチ","引き渡し済"
"467","TK-025-01","BRACKET","4","住友理工","西岡精工","その他"
"468","TK-025-01","BRACKET","5","住友理工","西岡精工","その他"
"469","TQ-481-1","BRACKET","2","住友理工","西岡精工","その他"
"470","TK-022-01","ORIFICE","5","住友理工㈱","西岡精工","引き渡し準備済"
"471","TK-022-01","ORIFICE","6","住友理工㈱","西岡精工","引き渡し準備済"
"472","TQ-477-1","BRACKET","2","住友理工㈱","テックアダチ","引き渡し準備済"
"473","K4012B00","BRACKET,RR,ENG","7","TOYOTIRE","テックアダチ","引き渡し準備済"
"474","K2068B1C","BRKT（丸一）","8","TOYO TIRE㈱","テックアダチ","初品提出中"
"475","K2068B1C","BRKT（丸一）","7","TOYO TIRE㈱","テックアダチ","合格済/予備ピン手配中"
"476","A2030B10","BRACKET","4","TOYOTIRE","西岡精工","その他"
"477","A2030B10","BRACKET","5","TOYOTIRE","西岡精工","その他"
"478","K1065B0A","BRACKET","7","TOYO TIRE㈱","テックアダチ","引き渡し準備済"
"479","K1065B0A","BRACKET","6","TOYO TIRE㈱","テックアダチ","引き渡し準備済"
"480","K2030B0D","BRKT　丸一","8","TOYOTIRE","テックアダチ","初品提出中"
"481","K2030B0D","BRKT　丸一","9","TOYOTIRE","テックアダチ","初品提出中"
"482","K2046B2B","BRKT","9","TOYOTIRE","フジイ金型","初品提出中"
"483","K4007B0B","BRKT","18","TOYO TIRE㈱","フジイ金型","その他"
"484","K4007B0B","BRKT","17","TOYOTIRE","フジイ金型","その他"
"485","NC-768-01","BRKT-E/M MTG,LH","3","住友理工㈱","西岡精工","初品提出中"
"486","ＲF3264-14","HOLDER-RH","10","プロスパイラM","テックアダチ","その他"
"487","ＲF3265-14","HOLDER-LH","10","プロスパイラM","テックアダチ","その他"
"488","229718-0530","スリーブ","6","光","テックアダチ","初品提出中"
"489","JT75/91","スピンドルブラケット","4","バンドー","テックアダチ","その他"
"490","CS-M8100/7100","SPIDER B","5","シマノ","社内","初品提出中"
"491","K2031B2E","BRACKET","2","TOYOTIRE","テックアダチ",""
"492","K2031B2E","BRACKET","2","TOYO TIRE㈱","","その他"
"493","GF700673A","END PLATE N","4","ビークルエナジージャパン","テックアダチ","その他"
"494","GF700674A","END PLATE P","4","ビークルエナジージャパン","テックアダチ","その他"
"495","K2048B2A","BRACKET","4","TOYO TIRE㈱","西岡精工","その他"
"496","TG-719-01","BRACKET","36","住友理工","テックアダチ","その他"
"497","TG-719-01","BRACKET","37","住友理工","テックアダチ","その他"
"498","TG-719-01","BRACKET","38","住友理工","テックアダチ","その他"
"499","K1084K0A","ROD","5","TOYO TIRE㈱","型技","加工試作待ち"
"500","1T0937-11","BRKT（350*2）","3","㈱プロスパイラマニュファクチャリング","テックアダチ","その他"
"501","RJ0624-17","BRACKET","9","㈱プロスパイラマニュファクチャリング","テックアダチ","引き渡し準備済"
"502","GF600827","CENTER PLATE","3","ビーグルエナジージャパン㈱","テックアダチ","引き渡し準備済"
"503","K1108K00","ROD","3","TOYO TIRE㈱","型技","引き渡し準備済"
"504","K4012B00","BRACKET、RR　ENG","8","TOYO TIRE㈱","テックアダチ","合格済/予備ピン手配中"
"505","3P409041","軸受ハウジング","5","天木鉄工（ダイキン工業）","西岡精工","その他"
"506","K4007B0B","BRACKET（Lの字）","19","TOYO TIRE㈱","フジイ金型","その他"
"507","K4007B0B","BRACKET（Lの字）","20","TOYO TIRE㈱","フジイ金型","その他"
"508","TK-211B-14","BRACKET　NO.2","3","住友理工","西岡精工","その他"
"509","K4012B00","BRACKET、RR　ENG","9","TOYO TIRE㈱","テックアダチ","引き渡し準備済"
"510","K2085B30","BRACKET（丸一）","19","TOYO TIRE㈱","テックアダチ","引き渡し準備済"
"511","K2085B30","BRACKET（丸一）","20","TOYO TIRE㈱","テックアダチ","引き渡し準備済"
"512","TK-092-02","BRACKET NO.2","2","住友理工㈱","協正金型","引き渡し準備済"
"513","K2045B1C","BRACKET（コの字）","14","TOYO TIRE㈱","テックアダチ","引き渡し準備済"
"514","K2045B1C","BRACKET（コの字）","15","TOYO TIRE㈱","テックアダチ","引き渡し準備済"
"515","HZ-264-01（303）","BRKT,SIDE MTG","6","住友理工㈱","テックアダチ","引き渡し準備済"
"516","35732-B2110","CARRIER,PLANETARY（4PIN)","7","福寿","西岡精工","引き渡し準備済"
"517","4FA43 03000","ROD","2","㈱サンノハシ","テックアダチ","引き渡し準備済"
"518","99103-00123","スリーブソレノイド","26","㈱名光精機","テックアダチ","引き渡し準備済"
"519","99103-00123","スリーブソレノイド","27","㈱名光精機","テックアダチ","引き渡し準備済"
"520","40NR0050000","CSR8100ｽﾊﾟｲﾀﾞLOWB","3","シマノ","テックアダチ","初品提出中"
"521","40NR0050000","CSR8100ｽﾊﾟｲﾀﾞLOWB","4","シマノ","テックアダチ","その他"
"522","HZ-351C-1","BRKT,ENG SIDE MTG","2","住友理工㈱","八州製作所","引き渡し準備済"
"523","RF3264-14","HOLDER-RH","11","㈱プロスパイラマニュファクチャリング","テックアダチ","引き渡し準備済"
"524","RF3265-14","HOLDER-LH","11","㈱プロスパイラマニュファクチャリング","テックアダチ","引き渡し準備済"
"525","66R-45361-00-00-80","CAP，LOWER　CASING","2","ヤマハ発動機㈱","","鋳造試作待ち"
"526","079618-1340","スリーブバルブ","22","光","西岡精工","初品提出中"
"527","079618-1340","スリーブバルブ","23","光","西岡精工","初品提出中"
"528","229718-0460","スリーブ","15","光","テックアダチ","引き渡し準備済"
"529","229718-0460","スリーブ","16","光","テックアダチ","引き渡し準備済"
"530","HZ-350-02","No2　BRACKET","3","住友理工㈱","愛豊精機","加工試作待ち"
"531","UN-377C-00","INNER","4","住友理工㈱","テックアダチ","初品提出中"
"532","JLA17-000010","SLEEVE、LINER　SOLENOID","3","株式会社 ジェイテクト","テックアダチ","引き渡し準備済"
"533","UN-377C-00","INNER","5","住友理工㈱","テックアダチ","合格済/予備ピン手配中"
"534","UN-376D-00","INNER","5","住友理工㈱","テックアダチ","引き渡し準備済"
"535","UN-376D-00","INNER","4","住友理工㈱","テックアダチ","合格済/予備ピン手配中"
"536","TK-338D-02","INNER","2","住友理工㈱","テックアダチ","初品提出中"
"537","99103-00122","スリーブソレノイド","Z10","㈱名光精機","テックアダチ","ASSＹまち"
"538","A1017K00","ROD","2","TOYO TIRE㈱","型技","寸検待ち"
"539","A2030B10","BRACKET（コの字）","6","TOYOTIRE","西岡精工","その他"
"540","A2030B10","BRACKET（コの字）","7","TOYOTIRE","西岡精工","その他"
"541","TK-339A-02","INNER","2","住友理工","協正金型","その他"
"542","TK-340C-02","INNER","2","住友理工","協正金型","その他"
"543","K2030B0D","BRACKET（丸一）","10","TOYO TIRE㈱","テックアダチ","引き渡し準備済"
"544","K2030B0D","BRACKET（丸一）","11","TOYO TIRE㈱","テックアダチ","引き渡し準備済"
"545","TK-308A-01","BRACKET","2","住友理工","","その他"
"546","TK-311C-1","BRACKET","2","住友理工","","その他"
"547","TK-314A-01","BRACKET","2","住友理工","","その他"
"548","TK-317A-1","BRACKET","2","住友理工","","その他"
"549","TK-334C-1","INNER","2","住友理工㈱","テックアダチ","合格済/予備ピン手配中"
"550","ST-R7020","ADAPTER R","6","シマノ","協正金型","初品提出中"
"551","ST-R7020","ADAPTER L","6","シマノ","協正金型","初品提出中"
"552","NAK576A401","ハウジング","5","㈱名光精機","テックアダチ","引き渡し準備済"
"553","GF600826-3","END PLATE","5","ビークルエナジージャパン","テックアダチ","初品提出中"
"554","K1054K0B","ROD","10","TOYO TIRE㈱","テックアダチ","合格済/予備ピン手配中"
"555","K1054K0B","ROD","9","TOYO TIRE㈱","テックアダチ","合格済/予備ピン手配中"
"556","K1113B00","BRACKET","5","TOYO TIRE㈱","フジイ金型","製作段階（作成・承認含む）"
"557","K4007B0B","BRACKET（Lの字）","21","TOYO TIRE㈱","フジイ金型","引き渡し準備済"
"558","K4007B0B","BRACKET（Lの字）","22","TOYO TIRE㈱","フジイ金型","合格済/予備ピン手配中"
"559","JF1G300248801","CENTER　BLOCK","2","ビークルエナジージャパン","テックアダチ","その他"
"560","K2068B2B","BRACKET（コの字）","6","TOYO TIRE㈱","テックアダチ","その他"
"561","TG-719-01","BRACKET","39","住友理工","テックアダチ","その他"
"562","DY-154-02","BRACKET","5","住友理工㈱","西岡精工","加工試作待ち"
"563","K1113B00","BRACKET","4","TOYO TIRE㈱","フジイ金型","引き渡し準備済"
"564","K2046B2B","BRACKET","10","TOYO TIRE㈱","フジイ金型","引き渡し準備済"
"565","K4006B0A","BRACKET（Lの字）","7","TOYO TIRE㈱","テックアダチ","引き渡し準備済"
"566","TG-719-01","BRACKET","40","住友理工㈱","テックアダチ","その他"
"567","TG-719-01","BRACKET","41","住友理工㈱","テックアダチ","その他"
"568","RF3264-14","HOLDER-RH","12","プロスパイラM","フジイ金型","引き渡し準備済"
"569","RF3265-14","HOLDER-LH","12","プロスパイラM","フジイ金型","引き渡し準備済"
"570","TK-199-04","BRACKET　No.２","3","住友理工㈱","西岡精工","引き渡し済"
"571","NAK576A392","ハウジング","17","㈱名光精機","西岡精工","引き渡し準備済"
"572","35732-B2110","CARRIER,PLANETARY（4PIN)","8","福寿","西岡精工","合格済/予備ピン手配中"
"573","35732-B2130","CARRIER,PLANETARY（3PIN)","8","福寿","西岡精工","引き渡し済"
"574","35732-B2130","CARRIER,PLANETARY（3PIN)","9","福寿","西岡精工","引き渡し準備済"
"575","A2RT0100000","BRM8100キャリパーR","10","シマノ","西岡精工","初品提出中"
"576","A2RT0100000","BRM8100キャリパーL","10","シマノ","西岡精工","寸検待ち"
"577","K4019B0A","BRACKET","2","TOYO TIRE㈱","テックアダチ","引き渡し準備済"
"578","K4013B0C","BRACKET,RR,EM","4","TOYO TIRE㈱","フジイ金型",""
"579","K1105K0B","ROD","2","TOYO TIRE㈱","テックアダチ","引き渡し準備済"
"580","TK-291B-01","BRACKET","4","住友理工㈱","フジイ金型","金型工事中"
"581","JF1G300248301","END　BLOCK","3","ビーグルエナジージャパン㈱","テックアダチ","引き渡し準備済"
"582","ND-111B-1","BRACKET-DIFF　MTG","2","住友理工㈱","フジイ金型","引き渡し準備済"
"583","TK-289B-01","BRACKET","4","住友理工㈱","フジイ金型","引き渡し準備済"
"584","99103-00122","スリーブソレノイド","A11","㈱名光精機","型技","鋳造試作待ち"
"585","RJ0624-17","BRACKET","10","㈱プロスパイラマニュファクチャリング","テックアダチ","引き渡し準備済"
"586","42S22000000","RTMT800 ディスクアダプターS","3","㈱シマノ","","鋳造試作待ち"
"587","C0C0L50040000","CSM6100/8100/7100　スパイダーA","38（40：41）","㈱シマノ","協正金型","寸検待ち"
"588","C0L50040000","CSM6100/8100/7100　スパイダーA","37次型","㈱シマノ","協正金型","寸検待ち"
"589","A2030B10","BRACKET（コの字）","8","TOYO TIRE㈱","西岡精工","合格済/予備ピン手配中"
"590","A2030B10","BRACKET（コの字）","9","TOYO TIRE㈱","西岡精工","合格済/予備ピン手配中"
"591","A2030B10","BRACKET（コの字）","10","TOYO TIRE㈱","西岡精工","合格済/予備ピン手配中"
"592","A2030B10","BRACKET（コの字）","11","TOYO TIRE㈱","西岡精工","合格済/予備ピン手配中"
"593","K1133B30","BRACKET（丸一）","2","TOYO TIRE㈱","テックアダチ","引き渡し準備済"
"594","K1133B30","BRACKET（丸一）","3","TOYO TIRE㈱","テックアダチ","引き渡し準備済"
"595","K2030B0D","BRACKET（丸一）","12","TOYO TIRE㈱","テックアダチ","初品提出中"
"596","K2030B0D","BRACKET（丸一）","13","TOYO TIRE㈱","テックアダチ","初品提出中"
"597","GF700673A/GF700674A","END PLATE N/P","5","ビークルエナジージャパン","テックアダチ","その他"
"598","NAK576A433","ハウジング","6","㈱名光精機","テックアダチ","初品提出中"
"599","K2068B2B","BRACKET（コの字）","7","TOYO TIRE㈱","テックアダチ","寸検待ち"
"600","K2068B2B","BRACKET（コの字）","8","TOYO TIRE㈱","テックアダチ","寸検待ち"
"601","12306-B2170-11","エンジンサポートブラケット、LH","4","丸五ゴム","協正金型","その他"
"602","1T0937-11","No.2　BRACKET","4","㈱プロスパイラマニュファクチャリング","テックアダチ","初品提出中"
"603","RF3264-14","HOLDER-RH","13","㈱プロスパイラマニュファクチャリング","テックアダチ","初品提出中"
"604","RF3264-14","HOLDER-RH","14","㈱プロスパイラマニュファクチャリング","テックアダチ","初品提出中"
"605","RF3265-14","HOLDER-LH","13","㈱プロスパイラマニュファクチャリング","テックアダチ","初品提出中"
"606","RF3265-14","HOLDER-LH","14","㈱プロスパイラマニュファクチャリング","テックアダチ","初品提出中"
"607","K2070B2A","NO.2 BRAKET","6","TOYO TIRE㈱","型技","引き渡し準備済"
"608","12306-B2150-11","エンジンサポートブラケット、LH","8","丸五ゴム","テックアダチ","引き渡し済"
"609","12306-B2150-11","エンジンサポートブラケット、LH","9","丸五ゴム","テックアダチ","引き渡し済"
"610","JT75","アーム","4","バンドー","型技","その他"
"611","GF600826-3","END PLATE","6","ビーグルエナジージャパン㈱","テックアダチ","ASSＹまち"
"612","VC-051A-02","NO.2　BRACKET","2","住友理工㈱","愛豊精機","合格済/予備ピン手配中"
"613","VC-051A-02","NO.2　BRACKET","3","住友理工㈱","愛豊精機","初品提出中"
"614","VC-052A-02","NO.2　BRACKET","3","住友理工㈱","愛豊精機","初品提出中"
"615","VC-052A-02","NO.2　BRACKET","2","住友理工㈱","愛豊精機","合格済/予備ピン手配中"
"616","40NR0050000","CSR8100ｽﾊﾟｲﾀﾞLOWB","5","シマノ","型技","寸検待ち"
"617","40NR0050000","CSR8100ｽﾊﾟｲﾀﾞLOWB","6","シマノ","型技","寸検待ち"
"618","079618-1380","スリーブバルブ１W","10","㈱光製作所","西岡精工","引き渡し準備済"
"619","079618-1380","スリーブバルブ１W","11","㈱光製作所","西岡精工","引き渡し準備済"
"620","079618-0750","スリーブ","22","㈱光製作所","西岡精工","引き渡し準備済"
"621","079618-0750","スリーブ","23","㈱光製作所","西岡精工","引き渡し準備済"
"622","15821-04995","ﾍﾞｱﾘﾝｸﾞｹｰｽ(ﾎｲﾙ2.ﾒｲﾝ）","7","井原精機","テックアダチ","初品提出中"
"623","48331-48080-RING","アルミリング","3","BASF INOACポリウレタン㈱","協正金型","その他"
"624","TQ-283-02","No.2　BRACKET","6","住友理工㈱","西岡精工","引き渡し準備済"
"625","TG-719-01","BRACKET","42","住友理工㈱","テックアダチ","合格済/予備ピン手配中"
"626","TG-719-01","BRACKET","43","住友理工㈱","テックアダチ","合格済/予備ピン手配中"
"627","TG-719-01","BRACKET","44","住友理工㈱","テックアダチ","合格済/予備ピン手配中"
"628","TK-362A-1","BRACKET","2","住友理工㈱","愛豊精機","引き渡し準備済"
"629","TK-363A-1","BRACKET","2","住友理工㈱","愛豊精機","引き渡し準備済"
"630","15821-04985","ﾍﾞｱﾘﾝｸﾞｹｰｽ(ﾎｲﾙ1.ﾒｲﾝ）","7","井原精機","テックアダチ","初品提出中"
"631","TK-199-04","BRACKET　No.２","4","住友理工㈱","西岡精工","合格済/予備ピン手配中"
"632","3P409041","軸受ハウジング","更新6次型（S21～24）","㈱天木鉄工","西岡精工","打ち合わせ待ち"
"633","A2028B2A","NO.2　BRACKET","更新2次型","TOYO TIRE㈱","西岡精工","初品提出中"
"634","K4007B0B","BRACKET(Lの字)","更新23次型（＃23）","TOYO TIRE㈱","フジイ金型","加工試作待ち"
"635","K4007B0B","BRACKET(Lの字)","更新24次型（＃24）","TOYO TIRE㈱","フジイ金型","加工試作待ち"
"636","K2068B1C","BRACKET（丸一）","更新9次型（＃9）","TOYO TIRE㈱","テックアダチ","加工試作待ち"
"637","K2068B1C","BRACKET（丸一）","更新10次型（＃10）","TOYO TIRE㈱","テックアダチ","加工試作待ち"
"638","VB-317A-01","BRACKET","更新2次型（＃2）","住友理工㈱","愛豊精機","初品提出中"
"639","HZ-312-01","BRKT,ENG SIDE MTG","更新4次型（＃7-8）","住友理工㈱","愛豊精機","引き渡し準備済"
"640","TJ-602-02","PLATE","更新5次型（＃34-41）","住友理工㈱","テックアダチ","初品提出中"
"641","TK-056-02","INNER","更新2次型（＃3-4）","住友理工㈱","金型技術","その他"
"642","TK-063-02","INNER","更新2次型（＃3-4）","住友理工㈱","協正金型","型UP待ち"
"643","TQ-471-01","BRACKET","更新6次型（＃11-12）","住友理工㈱","テックアダチ","加工試作待ち"
"644","TQ-471-01","BRACKET","更新7次型（＃13-14）","住友理工㈱","テックアダチ","加工試作待ち"
"645","TK-093-02","BRACKET No.2","更新5次型（＃5）","住友理工㈱","西岡精工","加工試作待ち"
"646","VB-315A-01","BRACKET","更新2次型（＃2）","住友理工㈱","愛豊精機","初品提出中"
"647","079618-1340","スリーブバルブ","更新24次型　＃93～＃96","㈱光製作所","西岡精工","引き渡し準備済"
"648","079618-1340","スリーブバルブ","更新25次型　＃97～＃100 (A1~A4)","㈱光製作所","西岡精工","引き渡し準備済"
"649","RTCL900","ディスクアダプターL","2","㈱シマノ","協生金型","寸検待ち"
"650","RTCL900","ディスクアダプターM","2","㈱シマノ","協生金型","寸検待ち"
"651","TK-308A-01","BRACKET","更新3次型（＃3）","住友理工㈱","フジイ金型","合格済/予備ピン手配中"
"652","TK-308A-01","BRACKET","更新4次型（＃4）","住友理工㈱","フジイ金型","合格済/予備ピン手配中"
"653","TK-339C-02","INNER","更新3次型（＃5､＃6）","住友理工㈱","協正金型","加工試作待ち"
"654","TK-311C-01","BRACKET","更新3次型（＃3）","住友理工㈱","フジイ金型","引き渡し準備済"
"655","TK-311C-01","BRACKET","更新4次型（＃4）","住友理工㈱","フジイ金型","引き渡し準備済"
"656","TK-339C-02","INNER","更新4次型（＃7､＃8）","住友理工㈱","協正金型","加工試作待ち"
"657","TK-314A-01","BRACKET","更新3次型（＃3）","住友理工㈱","西岡精工","引き渡し準備済"
"658","229718-0460","スリーブバルブ","更新17次型　＃65～＃68","㈱光製作所","テックアダチ","初品提出中"
"659","229718-0460","スリーブバルブ","更新18次型　＃69～＃72","㈱光製作所","テックアダチ","初品提出中"
"660","TK-317A-01","BRACKET","更新3次型（＃3）","住友理工㈱","西岡精工","引き渡し準備済"
"661","TK-314A-01","BRACKET","更新4次型（＃4）","住友理工㈱","西岡精工","初品提出中"
"662","TK-317A-01","BRACKET","更新4次型（＃4）","住友理工㈱","西岡精工","合格済/予備ピン手配中"
"663","TK-340C-02","INNER","更新3次型（＃5､＃6）","住友理工㈱","協正金型","寸検待ち"
"664","TK-334C-02","INNER","更新3次型（＃5､＃6）","住友理工㈱","テックアダチ","初品提出中"
"665","TK-340C-02","INNER","更新4次型（＃7､＃8）","住友理工㈱","協正金型","加工試作待ち"
"666","TK-338D-02","INNER","更新3次型（＃5､＃6）","住友理工㈱","テックアダチ","加工試作待ち"
"667","TK-087-01","BRACKET ENGINE　MOUNTING　NO.2　RH","更新3次型（＃5､＃6）","住友理工㈱","金型技術","鋳造試作待ち"
"668","12306-B2170-11","エンジンサポートブラケット、LH","更新5次型（＃5）","丸五ゴム工業㈱","協正金型","引き渡し準備済"
"669","K2030B0D","BRACKET（丸一）","更新15次型（＃15）","TOYO TIRE㈱","テックアダチ","加工試作待ち"
"670","K2030B0D","BRACKET（丸一）","更新14次型（＃14）","TOYO TIRE㈱","テックアダチ","加工試作待ち"
"671","42RF0001000","BRM8220キャリパー　L","更新2次型","㈱シマノ","西岡精工","加工試作待ち"
"672","42RF0002000","BRM8220キャリパー　R","更新2次型","㈱シマノ","西岡精工","加工試作待ち"
"673","42RF0002000","BRM8220キャリパー　R","更新3次型","㈱シマノ","西岡精工","寸検待ち"
"674","42RF0001000","BRM8220キャリパー　L","更新3次型","㈱シマノ","西岡精工","寸検待ち"
"675","GF700673A/GF700674A","END PLATE N/P","更新6次型（＃6）","ビーグルエナジージャパン㈱","テックアダチ","引き渡し準備済"
"676","40NR0040000","CS-R8100スパイダーLowA","更新３次型","㈱シマノ","テックアダチ","寸検待ち"
"677","TG-719-01","BRACKET","更新47次型（＃93,＃94）","住友理工㈱","テックアダチ","金型工事中"
"678","TG-719-01","BRACKET","更新46次型（＃91,＃92）","住友理工㈱","テックアダチ","金型工事中"
"679","TG-719-01","BRACKET","更新45次型（＃89,＃90）","住友理工㈱","テックアダチ","金型工事中"
"680","1T4897-11","BRACKET","更新8次型(＃29～32） 増面4次型","㈱プロスパイラ","フジイ金型","寸検待ち"
"681","TK-022-01","ORIFICE","更新8次型(#15，16)","住友理工㈱","西岡精工","寸検待ち"
"682","TK-022-01","ORIFICE","更新7次型(#13，14)","住友理工㈱","西岡精工","寸検待ち"
"683","K4006B0A","BRACKET（Lの字）","更新8次型(#8)","TOYO TIRE㈱","テックアダチ","初品提出中"
"684","K2046B2B","BRACKET","更新11次型(#41～46）","TOYO TIRE㈱","フジイ金型","型UP待ち"
"685","UN-329-00（12-382）","BRACKET","更新3次型(#5,#6)","住友理工㈱","型技","寸検待ち"
"686","K1054K0B","ROD","更新12次型(#12)","TOYO TIRE㈱","テックアダチ","初品提出中"
"687","K1054K0B","ROD","更新11次型(#11)","TOYO TIRE㈱","テックアダチ","初品提出中"
"688","K4012B00","BRACKET","更新11次型(#11)","TOYO TIRE㈱","テックアダチ","加工試作待ち"
"689","K4012B00","BRACKET","更新10次型(#10)","TOYO TIRE㈱","テックアダチ","加工試作待ち"
"690","TK-329-04","BRACKET　NO.2","更新6次型(#11,#12)","住友理工㈱","西岡精工","加工試作待ち"
"691","K1065B0A","BRACKET","更新9次型(#9)","TOYO TIRE㈱","テックアダチ","初品提出中"
"692","VC-051A-01","BRACKET","更新2次型(#3､#4)","住友理工㈱","-","製作段階（作成・承認含む）"
"693","VC-052A-01","BRACKET","更新2次型(#3､#4)","住友理工㈱","-","製作段階（作成・承認含む）"
"694","TQ-481-01","BRACKET","更新3次型(#3)","住友理工㈱","西岡精工","加工試作待ち"
"695","K1065B0A","BRACKET","更新8次型(#8)","TOYO TIRE㈱","テックアダチ","初品提出中"
"696","JF1G300248301","END　BLOCK","更新4次型(#7,#8)","ビーグルエナジージャパン㈱","テックアダチ","加工試作待ち"
"697","35732-B2110","CARRIER,PLANETARY（4PIN)","更新9次型","福寿工業㈱","西岡精工","型UP待ち"
"698","35732-B2130","CARRIER,PLANETARY（3PIN)","3PINキャリア設変　更新10型","福寿工業㈱","西岡精工","型UP待ち"
"699","6C5-45181-00-00-80","6C5プレート","更新4次型","ヤマハ発動機㈱","フジイ金型","型UP待ち"
"700","GF700673A/GF700674A","END PLATE N/P","更新7次型【＃７】","ビーグルエナジージャパン㈱","テックアダチ","加工試作待ち"
"701","TK-025-01","BRACKET","更新7次型(＃13-＃14)","住友理工㈱","西岡精工","型UP待ち"
"702","TK-025-01","BRACKET","更新6次型(＃11-＃12)","住友理工㈱","西岡精工","型UP待ち"
"703","K1092B0A","BRACKET","更新2次型(＃3-＃4)","TOYO TIRE㈱","テックアダチ","寸検待ち"
"704","079618-0750","スリーブ","更新25次型(S97～S100)","㈱光製作所","西岡精工","型UP待ち"
"705","079618-0750","スリーブ","更新24次型(S93～S96)","㈱光製作所","西岡精工","型UP待ち"
"706","079618-1380","スリーブバルブ１W","更新13次型(S49～S52)","㈱光製作所","西岡精工","鋳造試作待ち"
"707","079618-1380","スリーブバルブ１W","更新12次型(S45～S48)","㈱光製作所","西岡精工","鋳造試作待ち"
"708","079618-1340","スリーブバルブ","更新27次型　＃105～＃108","㈱光製作所","西岡精工","鋳造試作待ち"
"709","079618-1340","スリーブバルブ","更新26次型　＃101～＃104","㈱光製作所","西岡精工","鋳造試作待ち"
"710","DA-654-01","STOPPER　ASSY","更新4次型(#4)","住友理工㈱","西岡精工","製作段階（作成・承認含む）"
"711","HZ-264-01(303)","BRKT,SIDE MTG","更新7次型(＃13-＃14)","住友理工㈱","テックアダチ","型UP待ち"
"712","RJ0624-17","BRACKET","更新12次型（＃23-＃24)","㈱プロスパイラマニュファクチャリング","テックアダチ","製作段階（作成・承認含む）"
"713","RJ0624-17","BRACKET","更新11次型（＃21-＃22)","㈱プロスパイラマニュファクチャリング","テックアダチ","製作段階（作成・承認含む）"
"714","K1055K0B","ROD","更新5次型（＃5）","TOYO TIRE㈱","テックアダチ","初品提出中"
"715","99103-00123","スリーブソレノイド","更新29次型  型番 D1～D4 とする","㈱名光精機","テックアダチ","型UP待ち"
"716","99103-00123","スリーブソレノイド","更新28次型  型番 C1～C4 とする","㈱名光精機","テックアダチ","型UP待ち"
"717","99103-00122","スリーブソレノイド","更新13次型  型番 C1～C4 とする","㈱名光精機","型技","型UP待ち"
"718","99103-00122","スリーブソレノイド","更新12次型  型番 B1～B4 とする","㈱名光精機","型技","型UP待ち"
"719","ND-111B-01","BRACKET-DIFF MTG","更新3次型","住友理工㈱","フジイ金型","製作段階（作成・承認含む）"
"720","TZ-721-01","BRKT","3","住友理工","テックアダチ","その他"
"721","0970s","スリーブ","5","光","テックアダチ",""
"722","TZ-628","BRKT No.2","4","住友理工","フジイ金型",""
"723","130ｓ","スリーブ","4","光","西岡精工",""
"724","330","BRACKET","3","光","フジイ金型",""
"725","340","BRACKET","3","光","フジイ金型",""
"726","5100","スパイダー","3","シマノ","小林製作所",""
"727","130ｓ","スリーブ","3","光","西岡精工",""
"728","1340","スリーブ","14","光","西岡精工",""
"729","1340","スリーブ","15","光","西岡精工",""
"730","229718-0290","スリーブ","16","光","テックアダチ",""
"731","3XD29533","軸受けハウジング","3","天木鉄工","西岡",""
"732","550","スリーブ","2","光","テックアダチ",""
"733","DA-654-01","STOPPER ASSY","2","住友理工","西岡精工",""
"734","DA-709-2(DA-669）","BRACKET No2.","2","住友理工","テックアダチ",""
"735","DY-206(154)","BRACKET","3","住友理工","西岡精工",""
"736","K1014K0B","BRACKET　ENG　MOUNT　RR","3","TOYO TIRE","テックアダチ",""
"737","K1017B0B","BRACKET","7","TOYO TIRE","フジイ金型",""
"738","K2030B0C","BRACKET","4","TOYO TIRE","テックアダチ",""
"739","K2032B20","BRACKET (AR NO2)","2","TOYO TIRE","西岡精工",""
"740","K2045B1B","BRACKET （コの字）","8","TOYO TIRE","テックアダチ",""
"741","K2045B30","BRACKET（丸一）","6","TOYO TIRE","テックアダチ",""
"742","K2068B20","BRACKET(コの字）","2","TOYO TIRE","テックアダチ",""
"743","K4007B0A","BRACKET （Lの字）","6","TOYO TIRE","フジイ金型",""
"744","K4012B00","BRACKET　RR ENG","3","TOYO TIRE","テックアダチ",""
"745","RJ0624-17","BRACKET","4","BS_BEST","テックアダチ",""
"746","TG-719-01","BRACKET","20","住友理工","テックアダチ",""
"747","TG-719-01","BRACKET","19","住友理工","テックアダチ",""
"748","TG-719-01","BRACKET","21","住友理工","テックアダチ",""
"749","TG-719-01","BRACKET","22","住友理工","テックアダチ",""
"750","TJ-602-2","PLATE","2","住友理工","テックアダチ",""
"751","UU-785-01 35-084","オリフィス","4","住友理工","テックアダチ",""
"752","TK-199-04","BRACKET No.2","更新5次型（#9～10）","住友理工㈱","西岡精工","製作段階（作成・承認含む）"
"753","12306-B2170-11","エンジンサポートブラケット、LH","更新6次型（＃6）","丸五ゴム工業㈱","協正金型","型UP待ち"
"754","JLA17-000010","BRACKET SOLENOID","更新4次型 (#25～32)","㈱ジェイテクト","テックアダチ","型UP待ち"
"755","CSM6100","スパイダーA","0","㈱シマノ","西岡精工","その他"
"756","RTEM810","ディスクアダプターM","2","シマノ","テックアダチ","初品提出中"
"757","40NR0050000","CSR8100ｽﾊﾟｲﾀﾞLOWB","8","シマノ","型技","寸検待ち"
"758","K7034","BRACKET","2","TOYO TIRE㈱","協正金型","その他"
"759","K7035","BRACKET","2","TOYO TIRE㈱","協正金型","その他"
"760","40NR0050000","CSR8100ｽﾊﾟｲﾀﾞLOWB","7","シマノ","型技","寸検待ち"
"761","K1133B30","BRACKET(丸一)","更新5次型(＃5)","TOYO TIRE㈱","テックアダチ","製作段階（作成・承認含む）"
"762","K1133B30","BRACKET(丸一)","更新4次型(＃4)","TOYO TIRE㈱","テックアダチ","製作段階（作成・承認含む）"
"763","A2030B10","BRACKET(コの字)","更新15次型(＃15)","TOYO TIRE㈱","西岡精工","製作段階（作成・承認含む）"
"764","A2030B10","BRACKET(コの字)","更新14次型(＃14)","TOYO TIRE㈱","西岡精工","製作段階（作成・承認含む）"
"765","A2030B10","BRACKET(コの字)","更新13次型(＃13)","TOYO TIRE㈱","西岡精工","製作段階（作成・承認含む）"
"766","A2030B10","BRACKET(コの字)","更新12次型(＃12)","TOYO TIRE㈱","西岡精工","製作段階（作成・承認含む）"
"767","TK-317A-01","BRACKET","更新6次型（＃6）","住友理工㈱","西岡精工","型UP待ち"
"768","TK-317A-01","BRACKET","更新5次型（＃5）","住友理工㈱","西岡精工","型UP待ち"
"769","TK-314A-01","BRACKET","更新6次型（＃6）","住友理工㈱","西岡精工","製作段階（作成・承認含む）"
"770","TK-314A-01","BRACKET","更新5次型（＃5）","住友理工㈱","西岡精工","製作段階（作成・承認含む）"
"771","UN-377C-00","INNER","更新6次型(＃11.12)","住友理工㈱","テックアダチ","打ち合わせ待ち"
"772","TK-291B-01","BRACKET","更新5次型","住友理工㈱","フジイ金型","製作段階（作成・承認含む）"
"773","TK-289B-01","BRACKET","更新5次型","住友理工㈱","フジイ金型","製作段階（作成・承認含む）"
"774","UN-376D-00","","更新7次型(＃13.14)","住友理工㈱","テックアダチ","打ち合わせ待ち"
"775","UN-376D-00","INNER","更新6次型(＃11.12)","住友理工㈱","テックアダチ","打ち合わせ待ち"
"776","UN-377C-00","INNER","更新7次型(＃13.14)","住友理工㈱","テックアダチ","打ち合わせ待ち"
"777","[object Object]","[object Object]","[object Object]","[object Object]","[object Object]","[object Object]"
"778","[object Object]","[object Object]","[object Object]","[object Object]","[object Object]","[object Object]"
"779","[object Object]","[object Object]","[object Object]","[object Object]","[object Object]","[object Object]"
"780","[object Object]","[object Object]","[object Object]","[object Object]","[object Object]","[object Object]"
"781","[object Object]","[object Object]","[object Object]","[object Object]","[object Object]","[object Object]"
"782","[object Object]","[object Object]","[object Object]","[object Object]","[object Object]","[object Object]"
"783","[object Object]","[object Object]","[object Object]","[object Object]","[object Object]","[object Object]"
"784","[object Object]","[object Object]","[object Object]","[object Object]","[object Object]","[object Object]"
"785","[object Object]","[object Object]","[object Object]","[object Object]","[object Object]","[object Object]"
"786","[object Object]","[object Object]","[object Object]","[object Object]","[object Object]","[object Object]"
"787","[object Object]","[object Object]","[object Object]","[object Object]","[object Object]","[object Object]"
"788","[object Object]","[object Object]","[object Object]","[object Object]","[object Object]","[object Object]"
"789","[object Object]","[object Object]","[object Object]","[object Object]","[object Object]","[object Object]"
"790","[object Object]","[object Object]","[object Object]","[object Object]","[object Object]","[object Object]"
"791","[object Object]","[object Object]","[object Object]","[object Object]","[object Object]","[object Object]"
"792","[object Object]","[object Object]","[object Object]","[object Object]","[object Object]","[object Object]"
"793","[object Object]","[object Object]","[object Object]","[object Object]","[object Object]","[object Object]"
"794","[object Object]","[object Object]","[object Object]","[object Object]","[object Object]","[object Object]"
"795","[object Object]","[object Object]","[object Object]","[object Object]","[object Object]","[object Object]"
"796","[object Object]","[object Object]","[object Object]","[object Object]","[object Object]","[object Object]"
"797","[object Object]","[object Object]","[object Object]","[object Object]","[object Object]","[object Object]"
"798","[object Object]","[object Object]","[object Object]","[object Object]","[object Object]","[object Object]"
"799","[object Object]","[object Object]","[object Object]","[object Object]","[object Object]","[object Object]"
"800","[object Object]","[object Object]","[object Object]","[object Object]","[object Object]","[object Object]"
"801","[object Object]","[object Object]","[object Object]","[object Object]","[object Object]","[object Object]"
"802","[object Object]","[object Object]","[object Object]","[object Object]","[object Object]","[object Object]"
"803","[object Object]","[object Object]","[object Object]","[object Object]","[object Object]","[object Object]"
"804","[object Object]","[object Object]","[object Object]","[object Object]","[object Object]","[object Object]"
"805","[object Object]","[object Object]","[object Object]","[object Object]","[object Object]","[object Object]"
"806","[object Object]","[object Object]","[object Object]","[object Object]","[object Object]","[object Object]"
"807","[object Object]","[object Object]","[object Object]","[object Object]","[object Object]","[object Object]"
"808","[object Object]","[object Object]","[object Object]","[object Object]","[object Object]","[object Object]"
"809","[object Object]","[object Object]","[object Object]","[object Object]","[object Object]","[object Object]"
"810","[object Object]","[object Object]","[object Object]","[object Object]","[object Object]","[object Object]"
"811","[object Object]","[object Object]","[object Object]","[object Object]","[object Object]","[object Object]"
"812","[object Object]","[object Object]","[object Object]","[object Object]","[object Object]","[object Object]"
"813","[object Object]","[object Object]","[object Object]","[object Object]","[object Object]","[object Object]"
"814","[object Object]","[object Object]","[object Object]","[object Object]","[object Object]","[object Object]"
"815","[object Object]","[object Object]","[object Object]","[object Object]","[object Object]","[object Object]"
"816","[object Object]","[object Object]","[object Object]","[object Object]","[object Object]","[object Object]"
"817","[object Object]","[object Object]","[object Object]","[object Object]","[object Object]","[object Object]"
"818","[object Object]","[object Object]","[object Object]","[object Object]","[object Object]","[object Object]"
"819","[object Object]","[object Object]","[object Object]","[object Object]","[object Object]","[object Object]"
"820","[object Object]","[object Object]","[object Object]","[object Object]","[object Object]","[object Object]"
"821","[object Object]","[object Object]","[object Object]","[object Object]","[object Object]","[object Object]"
"822","[object Object]","[object Object]","[object Object]","[object Object]","[object Object]","[object Object]"
"823","[object Object]","[object Object]","[object Object]","[object Object]","[object Object]","[object Object]"
"824","[object Object]","[object Object]","[object Object]","[object Object]","[object Object]","[object Object]"
"825","[object Object]","[object Object]","[object Object]","[object Object]","[object Object]","[object Object]"
"826","[object Object]","[object Object]","[object Object]","[object Object]","[object Object]","[object Object]"
"827","[object Object]","[object Object]","[object Object]","[object Object]","[object Object]","[object Object]"
"828","[object Object]","[object Object]","[object Object]","[object Object]","[object Object]","[object Object]"
"829","[object Object]","[object Object]","[object Object]","[object Object]","[object Object]","[object Object]"
"830","[object Object]","[object Object]","[object Object]","[object Object]","[object Object]","[object Object]"
"831","[object Object]","[object Object]","[object Object]","[object Object]","[object Object]","[object Object]"
"832","[object Object]","[object Object]","[object Object]","[object Object]","[object Object]","[object Object]"
"833","[object Object]","[object Object]","[object Object]","[object Object]","[object Object]","[object Object]"
"834","[object Object]","[object Object]","[object Object]","[object Object]","[object Object]","[object Object]"
"835","[object Object]","[object Object]","[object Object]","[object Object]","[object Object]","[object Object]"
"836","[object Object]","[object Object]","[object Object]","[object Object]","[object Object]","[object Object]"
"837","[object Object]","[object Object]","[object Object]","[object Object]","[object Object]","[object Object]"
"838","[object Object]","[object Object]","[object Object]","[object Object]","[object Object]","[object Object]"
"839","[object Object]","[object Object]","[object Object]","[object Object]","[object Object]","[object Object]"
"840","[object Object]","[object Object]","[object Object]","[object Object]","[object Object]","[object Object]"
"841","[object Object]","[object Object]","[object Object]","[object Object]","[object Object]","[object Object]"
"842","[object Object]","[object Object]","[object Object]","[object Object]","[object Object]","[object Object]"
"843","[object Object]","[object Object]","[object Object]","[object Object]","[object Object]","[object Object]"
"844","[object Object]","[object Object]","[object Object]","[object Object]","[object Object]","[object Object]"
"845","[object Object]","[object Object]","[object Object]","[object Object]","[object Object]","[object Object]"
"846","[object Object]","[object Object]","[object Object]","[object Object]","[object Object]","[object Object]"
"847","[object Object]","[object Object]","[object Object]","[object Object]","[object Object]","[object Object]"
"848","[object Object]","[object Object]","[object Object]","[object Object]","[object Object]","[object Object]"
"849","[object Object]","[object Object]","[object Object]","[object Object]","[object Object]","[object Object]"
"850","[object Object]","[object Object]","[object Object]","[object Object]","[object Object]","[object Object]"
"851","[object Object]","[object Object]","[object Object]","[object Object]","[object Object]","[object Object]"
"852","[object Object]","[object Object]","[object Object]","[object Object]","[object Object]","[object Object]"
"853","[object Object]","[object Object]","[object Object]","[object Object]","[object Object]","[object Object]"
"854","[object Object]","[object Object]","[object Object]","[object Object]","[object Object]","[object Object]"
"855","[object Object]","[object Object]","[object Object]","[object Object]","[object Object]","[object Object]"
"856","[object Object]","[object Object]","[object Object]","[object Object]","[object Object]","[object Object]"
"857","[object Object]","[object Object]","[object Object]","[object Object]","[object Object]","[object Object]"
"858","[object Object]","[object Object]","[object Object]","[object Object]","[object Object]","[object Object]"
"859","[object Object]","[object Object]","[object Object]","[object Object]","[object Object]","[object Object]"
"860","[object Object]","[object Object]","[object Object]","[object Object]","[object Object]","[object Object]"
"861","[object Object]","[object Object]","[object Object]","[object Object]","[object Object]","[object Object]"
"862","[object Object]","[object Object]","[object Object]","[object Object]","[object Object]","[object Object]"
"863","[object Object]","[object Object]","[object Object]","[object Object]","[object Object]","[object Object]"
"864","[object Object]","[object Object]","[object Object]","[object Object]","[object Object]","[object Object]"
"865","[object Object]","[object Object]","[object Object]","[object Object]","[object Object]","[object Object]"
"866","[object Object]","[object Object]","[object Object]","[object Object]","[object Object]","[object Object]"
"867","[object Object]","[object Object]","[object Object]","[object Object]","[object Object]","[object Object]"
"868","[object Object]","[object Object]","[object Object]","[object Object]","[object Object]","[object Object]"
"869","[object Object]","[object Object]","[object Object]","[object Object]","[object Object]","[object Object]"
"870","[object Object]","[object Object]","[object Object]","[object Object]","[object Object]","[object Object]"
"871","[object Object]","[object Object]","[object Object]","[object Object]","[object Object]","[object Object]"
"872","[object Object]","[object Object]","[object Object]","[object Object]","[object Object]","[object Object]"
"873","[object Object]","[object Object]","[object Object]","[object Object]","[object Object]","[object Object]"
"874","[object Object]","[object Object]","[object Object]","[object Object]","[object Object]","[object Object]"
"875","[object Object]","[object Object]","[object Object]","[object Object]","[object Object]","[object Object]"
"876","[object Object]","[object Object]","[object Object]","[object Object]","[object Object]","[object Object]"
"877","[object Object]","[object Object]","[object Object]","[object Object]","[object Object]","[object Object]"
"878","[object Object]","[object Object]","[object Object]","[object Object]","[object Object]","[object Object]"
"879","[object Object]","[object Object]","[object Object]","[object Object]","[object Object]","[object Object]"
"880","[object Object]","[object Object]","[object Object]","[object Object]","[object Object]","[object Object]"
"881","[object Object]","[object Object]","[object Object]","[object Object]","[object Object]","[object Object]"
"882","[object Object]","[object Object]","[object Object]","[object Object]","[object Object]","[object Object]"
"883","[object Object]","[object Object]","[object Object]","[object Object]","[object Object]","[object Object]"
"884","[object Object]","[object Object]","[object Object]","[object Object]","[object Object]","[object Object]"
"885","[object Object]","[object Object]","[object Object]","[object Object]","[object Object]","[object Object]"
"886","[object Object]","[object Object]","[object Object]","[object Object]","[object Object]","[object Object]"
"887","[object Object]","[object Object]","[object Object]","[object Object]","[object Object]","[object Object]"
"888","[object Object]","[object Object]","[object Object]","[object Object]","[object Object]","[object Object]"
"889","[object Object]","[object Object]","[object Object]","[object Object]","[object Object]","[object Object]"
"890","[object Object]","[object Object]","[object Object]","[object Object]","[object Object]","[object Object]"
"891","[object Object]","[object Object]","[object Object]","[object Object]","[object Object]","[object Object]"
"892","[object Object]","[object Object]","[object Object]","[object Object]","[object Object]","[object Object]"
"893","[object Object]","[object Object]","[object Object]","[object Object]","[object Object]","[object Object]"
"894","[object Object]","[object Object]","[object Object]","[object Object]","[object Object]","[object Object]"
"895","[object Object]","[object Object]","[object Object]","[object Object]","[object Object]","[object Object]"
"2","079618-1380","スリーブ","9","光","西岡精工",""
"190","12306-B2150-11","エンジンサポートブラケットLH","3","丸五ゴム","テックアダチ",""
"191","12306-B2150-11","エンジンサポートブラケットLH","4","丸五ゴム","テックアダチ",""
"30","15821-04985","ベアリングケース (ホイル1 メイン)","3","井原精機","テックアダチ",""
"31","15821-04995","ベアリングケース　ホイル2","5","井原精機","テックアダチ","その他"
"31","15821-04995","ベアリングケース (ホイル2 メイン)","3","井原精機","テックアダチ",""
"32","222171-5*2","プーリー","","ビーエルオートテック","",""
"33","229718-0290","スリーブ","22","光","テックアダチ","初品提出中"
"34","229718-0290","スリーブ","23","光","テックアダチ","初品提出中"
"35","66T-15772-00-00-80","STAY2","2","ヤマハ発動機㈱","テックアダチ","その他"
"164","CSM8100/7100","SPIDER A","6","シマノ","協正金型",""
"165","CSM8100/7100","SPIDER A","7","シマノ","協正金型",""
"166","D1XK0100000","BL-M9120　マスターシリンダーLR","3","シマノ","テックアダチ","初品提出中"
"167","HA-518-2","INNER","5","住友理工","西岡精工",""
"168","HZ-303-01（264）","BRKT","5","住友理工","テックアダチ","その他"
"169","JF2S0200005","END PLATE","10(J)","VEJ","佐藤商事","初品提出中"
"170","JF2S0200005","END PLATE","11(K)","VEJ","佐藤商事","初品提出中"
"1","079618-1380","スリーブ","8","光","西岡精工",""
"171","K1055（350*2）","ROD","4","TOYOTIRE","テックアダチ","初品提出中"
"172","K1055K0B","ROD","4","TOYOTIRE","テックアダチ","初品提出中"
"173","K2030B0D","BRKT　丸一","6","TOYOTIRE","テックアダチ","初品提出中"
"174","K2030B0D","BRKT　丸一","7","TOYOTIRE","テックアダチ","その他"
"175","K2046B2B","BRKT(1000t)","8","TOYOTIRE","フジイ金型","初品提出中"
"346","K2085B30","BRKT","13","TOYOTIRE","テックアダチ",""
"347","K4013B0C","BRKT","3","TOYOTIRE","フジイ金型","初品提出中"
"348","RJ0624-17","BRACKET","8","プロスパイラM","テックアダチ","初品提出中"
"152","SLM8000I","BRACKET　R","3","シマノ","八州製作",""
"153","SLM8000I","BRACKET　R","4","シマノ","八州製作",""
"372","SL-M9000","ROTATING BODY","1","シマノ","テックアダチ",""
"303","TJ-860-1","BRKT","2","住友理工","小林製作所",""
"304","TK-025-01","BRACKET","3","住友理工","西岡精工","その他"
"305","TK-199-04","BRKT","3","住友理工","西岡精工","その他"
"306","TZ-284-01","BRKT","3","住友理工","テックアダチ","初品提出中"